{
	"name": "AzureSqlTableDS",
	"properties": {
		"linkedServiceName": {
			"referenceName": "Client_ASDB_LS",
			"type": "LinkedServiceReference",
			"parameters": {
				"ServerDomainName": {
					"value": "@dataset().ServerNameDS",
					"type": "Expression"
				},
				"ServerUserName": {
					"value": "@dataset().UserNameDS",
					"type": "Expression"
				},
				"ClientPassword": {
					"value": "@dataset().UserPasswordDS",
					"type": "Expression"
				},
				"ClientDBName": {
					"value": "@dataset().DBNameDS",
					"type": "Expression"
				}
			}
		},
		"parameters": {
			"ServerNameDS": {
				"type": "String"
			},
			"DBNameDS": {
				"type": "String"
			},
			"UserNameDS": {
				"type": "String"
			},
			"UserPasswordDS": {
				"type": "String"
			}
		},
		"annotations": [],
		"type": "AzureSqlTable",
		"schema": [],
		"typeProperties": {
			"schema": "dbo",
			"table": "FormDesign"
		}
	},
	"type": "Microsoft.DataFactory/factories/datasets"
}